Section,Order,Curve ID,Track,Type,Asset Name,Start Chainage (km),TS (m),SC (m),CS (m),ST (m),End Chainage (km),Curve Length (m) ,Radius (m),Classification,Hand,Superelevation Design (mm),Track Gradient (%)
TUL,1,,,Tangent,CB_TG_001_0.000,0,,,,,-2.051,2051,,Tangent,,,0
TUL,2,ML1,,Curve,CB_CV_001_2.051,-2.051,-,-,-,-,-0.129,1922,-1000,Sharp Curve,LH,0,0
TUL,3,,,Tangent,CB_TG_002_0.128,-0.128,,,,,0.135,263,,Tangent,,,0
TUL,4,ML2,,Curve,CB_CV_002_0.136,0.136,-,-,-,-,1.848,1712,-660,Sharp Curve,LH,0,0
TUL,5,,,Tangent,CB_TG_003_1.849,1.849,,,,,2.688,839,,Tangent,,,0
TUL,6,ML3,,Curve,CB_CV_003_2.689,2.689,-,-,-,-,4.034,1345,1000,Sharp Curve,RH,0,0
TUL,7,,,Tangent,CB_TG_004_4.035,4.035,,,,,4.261,226,,Tangent,,,0
TUL,8,ML4,,Curve,CB_CV_004_4.262,4.262,-,-,-,-,4.312,50,-600,Sharp Curve,LH,0,0
Main Line,9,,,Tangent,CB_TG_005_4.299,4.299,,,,,4.50611,207.11,,Tangent,,,0
CB,10,ML5,Port Loop,Curve,CB_CV_005_4.506,4.50611,4506,4561,5444,5499,5.498787,992.677,-1000,Sharp Curve,LH,20,0.0009191919192
CB,11,,,Tangent,CB_TG_006_5.499,5.498787,,,,,8.411413,2912.626,,Tangent,,,0.001874914089
CB,12,ML6,Port Loop,Curve,CB_CV_006_8.411,8.411413,8411,8466,9083,9138,9.13846,727.047,4000,Tangent,RH,15,0.0006
CB,13,,,Tangent,CB_TG_007_9.138,9.13846,,,,,12.49621,3357.75,,Tangent,,,0.0011
CB,14,ML7,Port Loop,Curve,CB_CV_007_12.496,12.49621,12496,12551,13909,13964,13.963659,1468,4000,Tangent,RH,15,0.002736986301
CB,15,,,Tangent,CB_TG_008_13.963,13.963659,,,,,16.741416,2777.757,,Tangent,,,0.001771942446
CB,16,ML8,ML,Curve,CB_CV_008_16.741,16.741416,16741.424,16796.424,16837.357,16892.357,16.892195,150.779,-5000,Tangent,LH,10,0.0003
CB,17,,,Tangent,CB_TG_009_16.892,16.892195,,,,,26.902505,10010.31,,Tangent,,,0.001247052947
CB,18,ML9,ML,Curve,CB_CV_009_26.903,26.902505,26903.659,26958.659,27370.403,27425.403,27.424501,521.996,-5000,Tangent,LH,10,0.0017
CB,19,,,Tangent,CB_TG_010_27.424,27.424501,,,,,30.779779,3355.278,,Tangent,,,0.002017857143
CB,20,ML10,ML,Curve,CB_CV_010_30.780,30.779779,30780,30835,31076,31131,31.13119,351.411,-5000,Tangent,LH,10,0.002102857143
CB,21,,,Tangent,CB_TG_011_31.131,31.13119,,,,,33.179911,2048.721,,Tangent,,,0.001996097561
CB,22,ML11,ML,Curve,CB_CV_011_33.180,33.179911,33180,33235,33458,33513,33.51303,333.119,-5000,Tangent,LH,10,0.0019
CB,23,,,Tangent,CB_TG_012_33.513,33.51303,,,,,35.743404,2230.374,,Tangent,,,0.0019
CB,24,ML12,ML,Curve,CB_CV_012_35.743,35.743404,35743.405,35798.405,35841,35896,35.895911,152.507,-5000,Tangent,LH,10,0.0013375
CB,25,,,Tangent,CB_TG_013_35.895,35.895911,,,,,39.969661,4073.75,,Tangent,,,0.001757002457
CB,26,ML13,ML,Curve,CB_CV_013_39.970,39.969661,39970,40025,40469,40524,40.524482,554.821,-5000,Tangent,LH,10,0.0009618181818
CB,27,,,Tangent,CB_TG_014_40.524,40.524482,,,,,41.827788,1303.306,,Tangent,,,0
CB,28,ML14,ML,Curve,CB_CV_014_41.828,41.827788,41828,41883,41949,42004,42.004307,176.519,-5000,Tangent,LH,10,0
CB,29,,,Tangent,CB_TG_015_42.004,42.004307,,,,,43.954474,1950.167,,Tangent,,,0.0006025641026
CB,30,ML15,ML,Curve,CB_CV_015_43.954,43.954474,43954,44009,44661,44716,44.715637,761.163,-5000,Tangent,LH,10,0.0019
CB,31,,,Tangent,CB_TG_016_44.716,44.715637,,,,,45.658933,943.296,,Tangent,,,0.001712765957
CB,32,ML16,ML,Curve,CB_CV_016_45.659,45.658933,45659,45714,47378,47433,47.43251,1773.577,-3000,Mild Curve,LH,20,0.0007028248588
CB,33,,,Tangent,CB_TG_017_47.433,47.43251,,,,,51.591491,4158.981,,Tangent,,,0.001760336538
CB,34,ML17,ML,Curve,CB_CV_017_51.591,51.591491,51591,51646,54083,54138,54.137725,2546.234,2000,Mild Curve,RH,30,0.001781568627
CB,35,,,Tangent,CB_TG_018_54.138,54.137725,,,,,57.717517,3579.792,,Tangent,,,0.003837430168
CB,36,ML18,ML,Curve,CB_CV_018_57.718,57.717517,57718,57773,59866,59921,59.920787,2203.27,-5000,Tangent,LH,10,0.00222
CB,37,,,Tangent,CB_TG_019_59.921,59.920787,,,,,61.035451,1114.664,,Tangent,,,0.003089285714
CB,38,ML19,ML,Curve,CB_CV_019_61.035,61.035451,61035,61090,61227,61282,61.281956,246.505,5000,Tangent,RH,10,0.004
CB,39,,,Tangent,CB_TG_020_61.281,61.281956,,,,,65.991703,4709.747,,Tangent,,,0.003947133758
CB,40,ML20,ML,Curve,CB_CV_020_65.992,65.991703,65992,66047,66652,66707,66.707146,715.443,-5000,Tangent,LH,10,0.0019
CB,41,,,Tangent,CB_TG_021_66.707,66.707146,,,,,75.019229,8312.083,,Tangent,,,7.18E-05
CB,42,ML21,ML,Curve,CB_CV_021_75.019,75.019229,75019,75074,75888,75943,75.942792,923.563,4000,Tangent,RH,15,0.0023
CB,43,,,Tangent,CB_TG_022_75.943,75.942792,,,,,77.329357,1386.565,,Tangent,,,9.93E-05
CB,44,ML22,ML,Curve,CB_CV_022_77.329,77.329357,77329,77384,77884,77939,77.939476,610.119,-10000,Tangent,LH,0,0
CB,45,,,Tangent,CB_TG_023_77.939,77.939476,,,,,80.252621,2313.145,,Tangent,,,0.002435064935
CB,46,ML23,ML,Curve,CB_CV_023_80.253,80.252621,80253,80308,81229,81284,81.284209,1031.588,4000,Tangent,RH,15,0.0025
CB,47,,,Tangent,CB_TG_024_81.284,81.284209,,,,,82.859421,1575.212,,Tangent,,,0.000664556962
CB,48,ML24,ML,Curve,CB_CV_024_82.859,82.859421,82859,82914,84762,84817,84.817227,1957.806,-2500,Mild Curve,LH,25,0
CB,49,,,Tangent,CB_TG_025_84.817,84.817227,,,,,86.055517,1238.29,,Tangent,,,0.001277419355
CB,50,ML25,ML,Curve,CB_CV_025_86.056,86.055517,86056,86111,86437,86492,86.491826,436.309,3000,Mild Curve,RH,20,0.0024
CB,51,,,Tangent,CB_TG_026_86.492,86.491826,,,,,91.729243,5237.417,,Tangent,,,0.002054198473
CB,52,ML26,ML,Curve,CB_CV_026_91.729,91.729243,91729,91784,92929,92984,92.984292,1255.049,5000,Tangent,RH,10,0.00236
CB,53,,,Tangent,CB_TG_027_92.984,92.984292,,,,,96.781853,3797.561,,Tangent,,,0.004235789474
CB,54,ML27,ML,Curve,CB_CV_027_96.782,96.781853,96782,96837,97631,97686,97.686442,904.589,-3000,Mild Curve,LH,20,0.0027
CB,55,,,Tangent,CB_TG_028_97.686,97.686442,,,,,99.338725,1652.283,,Tangent,,,0.003649090909
CB,56,ML28,ML,Curve,CB_CV_028_99.339,99.338725,99339,99394,100910,100965,100.964859,1626.134,5000,Tangent,RH,10,0.004079012346
CB,57,,,Tangent,CB_TG_029_100.965,100.964859,,,,,101.541684,576.825,,Tangent,,,0.0012
CB,58,ML29,ML,Curve,CB_CV_029_101.542,101.541684,101542,101597,101962,102017,102.017135,475.451,3000,Mild Curve,RH,20,0.001841666667
CB,59,,,Tangent,CB_TG_030_102.017,102.017135,,,,,102.522258,505.123,,Tangent,,,0.0026
CB,60,ML30,ML,Curve,CB_CV_030_102.522,102.522258,102522,102577,102837,102892,102.89211,369.852,-1000,Sharp Curve,LH,65,0.0026
CB,61,,,Tangent,CB_TG_031_102.892,102.89211,,,,,103.188954,296.844,,Tangent,,,0.001333333333
CB,62,ML31,ML,Curve,CB_CV_031_103.189,103.188954,103189,103244,103470,103525,103.524591,335.637,-5000,Tangent,LH,10,0.0006
CB,63,,,Tangent,CB_TG_032_103.524,103.524591,,,,,104.860439,1335.848,,Tangent,,,0.0006
CB,64,ML32,ML,Curve,CB_CV_032_104.86,104.860439,104860,104915,105166,105221,105.221238,360.799,3000,Mild Curve,RH,20,0.0005388888889
CB,65,,,Tangent,CB_TG_033_105.221,105.221238,,,,,106.062192,840.954,,Tangent,,,0.0005
CB,66,ML33,ML,Curve,CB_CV_033_106.062,106.062192,106062,106117,106504,106559,106.558685,496.493,-3000,Mild Curve,LH,20,0.0005
CB,67,,,Tangent,CB_TG_034_106.559,106.558685,,,,,106.966316,407.631,,Tangent,,,0.0005
CB,68,ML34,ML,Curve,CB_CV_034_106.966,106.966316,106966,107021,107317,107372,107.372118,405.802,3000,Mild Curve,RH,20,0.0005
CB,69,,,Tangent,CB_TG_035_107.372,107.372118,,,,,108.419655,1047.537,,Tangent,,,0.003701904762
CB,70,ML35,ML,Curve,CB_CV_035_108.420,108.419655,108420,108475,108579,108634,108.633838,214.183,-3000,Mild Curve,LH,20,0.0046
CB,71,,,Tangent,CB_TG_036_108.634,108.633838,,,,,110.587731,1953.893,,Tangent,,,0.003181632653
CB,72,ML36,ML,Curve,CB_CV_036_110.588,110.587731,110588,110643,110972,111027,111.026956,439.225,10000,Tangent,RH,0,0.001427272727
CB,73,,,Tangent,CB_TG_037_111.027,111.026956,,,,,111.801981,775.025,,Tangent,,,0.0014
CB,74,ML37,ML,Curve,CB_CV_037_111.802,111.801981,111802,111857,112320,112375,112.374565,572.584,-10000,Tangent,LH,0,0.0014
CB,75,,,Tangent,CB_TG_038_112.375,112.374565,,,,,113.140564,765.999,,Tangent,,,0.0014
CB,76,ML38,ML,Curve,CB_CV_038_113.141,113.140564,113141,113196,113298,113353,113.352752,212.188,5000,Tangent,RH,10,0.0014
CB,77,,,Tangent,CB_TG_039_113.353,113.352752,,,,,115.237139,1884.387,,Tangent,,,0.001675132275
CB,78,ML39,ML,Curve,CB_CV_039_115.237,115.237139,115237,115292,115456,115511,115.511409,274.27,-3000,Mild Curve,LH,20,0.0019
CB,79,,,Tangent,CB_TG_040_115.511,115.511409,,,,,116.637185,1125.776,,Tangent,,,0.002149557522
CB,80,ML40,ML,Curve,CB_CV_040_116.637,116.637185,116637,116692,117198,117253,117.252714,615.529,3000,Mild Curve,RH,20,0.005068852459
CB,81,,,Tangent,CB_TG_041_117.253,117.252714,,,,,117.803052,550.338,,Tangent,,,0.0092
CB,82,ML41,ML,Curve,CB_CV_041_117.803,117.803052,117803,117858,118101,118156,118.15599,352.938,-3000,Mild Curve,LH,20,0.0092
CB,83,,,Tangent,CB_TG_042_118.156,118.15599,,,,,118.357673,201.683,,Tangent,,,0.0092
CB,84,ML42,ML,Curve,CB_CV_042_118.358,118.357673,118358,118413,119154,119209,119.209457,851.784,4000,Tangent,RH,15,0.006927058824
CB,85,,,Tangent,CB_TG_043_119.209,119.209457,,,,,119.69018,480.723,,Tangent,,,0
CB,86,ML43,ML,Curve,CB_CV_043_119.69,119.69018,119690,119745,119886,119941,119.941168,250.988,-6000,Tangent,LH,10,0
CB,87,,,Tangent,CB_TG_044_119.941,119.941168,,,,,120.629456,688.288,,Tangent,,,0
CB,88,ML44,ML,Curve,CB_CV_044_120.629,120.629456,120629,120684,120804,120859,120.858765,229.309,-10000,Tangent,LH,0,0
CB,89,,,Tangent,CB_TG_045_120.859,120.858765,,,,,121.51618,657.415,,Tangent,,,0.00196969697
CB,90,ML45,ML,Curve,CB_CV_045_121.516,121.51618,121516,121571,121646,121701,121.700863,184.683,5000,Tangent,RH,10,0.0025
CB,91,,,Tangent,CB_TG_046_121.701,121.700863,,,,,122.07631,375.447,,Tangent,,,0.0025
CB,92,ML46,ML,Curve,CB_CV_046_122.076,122.07631,122076,122131,122177,122232,122.231791,155.481,-4000,Tangent,LH,15,0.0025
CB,93,,,Tangent,CB_TG_047_122.232,122.231791,,,,,123.716588,1484.797,,Tangent,,,0.003920134228
CB,94,ML47,ML,Curve,CB_CV_047_123.717,123.716588,123717,123772,123867,123922,123.922028,205.44,4000,Tangent,RH,15,0.0048
CB,95,,,Tangent,CB_TG_048_123.922,123.922028,,,,,125.338411,1416.383,,Tangent,,,0.0048
CB,96,ML48,ML,Curve,CB_CV_048_125.338,125.338411,125338,125393,125638,125693,125.692985,354.574,20000,Tangent,RH,0,0.003591428571
CB,97,,,Tangent,CB_TG_049_125.693,125.692985,,,,,128.223964,2530.979,,Tangent,,,0.002354545455
CB,98,ML49,ML,Curve,CB_CV_049_128.224,128.223964,128224,128279,128770,128825,128.82549,601.526,-4000,Tangent,LH,15,0.004957377049
CB,99,,,Tangent,CB_TG_050_128.825,128.82549,,,,,129.288871,463.381,,Tangent,,,0
CB,100,ML50,ML,Curve,CB_CV_050_129.289,129.288871,129289,129344,129569,129624,129.623606,334.735,4000,Tangent,RH,15,0
CB,101,,,Tangent,CB_TG_051_129.624,129.623606,,,,,131.679645,2056.039,,Tangent,,,0.001741747573
CB,102,ML51,ML,Curve,CB_CV_051_131.680,131.679645,131680,131735,132074,132129,132.128788,449.143,4000,Tangent,RH,15,0.0026
CB,103,,,Tangent,CB_TG_052_132.129,132.128788,,,,,136.511624,4382.836,,Tangent,,,-0.0001952054795
CB,104,ML52,ML,Curve,CB_CV_052_136.512,136.511624,136512,136567,139398,139453,139.45307,2941.446,-4380,Tangent,LH,10,0.004716666667
CB,105,,,Tangent,CB_TG_053_139.453,139.45307,,,,,139.682355,229.285,,Tangent,,,0.0002434782609
CB,106,ML53,ML,Curve,CB_CV_053_139.682,139.682355,139682,139737,144241,144296,144.295651,4613.296,3000,Mild Curve,RH,15,-0.001289177489
CB,107,,,Tangent,CB_TG_054_144.296,144.295651,,,,,145.926978,1631.327,,Tangent,,,-0.001463803681
CB,108,ML54,ML,Curve,CB_CV_054_145.927,145.926978,145927,145982,146744,146799,146.798957,871.979,-3000,Mild Curve,LH,15,-0.0022
CB,109,,,Tangent,CB_TG_055_146.799,146.798957,,,,,147.177545,378.588,,Tangent,,,-0.0022
CB,110,ML55,ML,Curve,CB_CV_055_147.178,147.177545,147178,147233,147682,147737,147.737197,559.652,-4000,Tangent,LH,15,-0.0022
CB,111,,,Tangent,CB_TG_056_147.737,147.737197,,,,,148.782616,1045.419,,Tangent,,,-0.0022
CB,112,ML56,ML,Curve,CB_CV_056_148.783,148.782616,148783,148838,150163,150218,150.217576,1434.96,-4000,Tangent,LH,15,-0.001441666667
CB,113,,,Tangent,CB_TG_057_150.218,150.217576,,,,,151.008531,790.955,,Tangent,,,0.0004
CB,114,ML57,ML,Curve,CB_CV_057_151.009,151.008531,151009,151064,151788,151843,151.843105,834.574,4000,Tangent,RH,15,0.0004
CB,115,,,Tangent,CB_TG_058_151.843,151.843105,,,,,153.631023,1787.918,,Tangent,,,0.0001251396648
CB,116,ML58,ML,Curve,CB_CV_058_153.631,153.631023,153631,153686,155131,155186,155.186113,1555.09,4000,Tangent,RH,15,0
CB,117,,,Tangent,CB_TG_059_155.186,155.186113,,,,,157.877587,2691.474,,Tangent,,,-0.0005308550186
CB,118,ML59,ML,Curve,CB_CV_059_157.878,157.877587,157878,157933,158175,158230,158.229668,352.081,-5000,Tangent,LH,10,-0.0006
CB,119,,,Tangent,CB_TG_060_158.230,158.229668,,,,,158.960013,730.345,,Tangent,,,0.002564383562
CB,120,ML60,ML,Curve,CB_CV_060_158.960,158.960013,158960,159015,159482,159537,159.537432,577.419,-4000,Tangent,LH,15,0.0029
CB,121,,,Tangent,CB_TG_061_159.537,159.537432,,,,,160.321738,784.306,,Tangent,,,0.0029
CB,122,ML61,ML,Curve,CB_CV_061_160.322,160.321738,160322,160377,161585,161640,161.639806,1318.068,-4000,Tangent,LH,15,0.0009606060606
CB,123,,,Tangent,CB_TG_062_161.640,161.639806,,,,,162.311284,671.478,,Tangent,,,-0.0011
CB,124,ML62,ML,Curve,CB_CV_062_162.311,162.311284,162311,162366,162918,162973,162.973086,661.802,-2000,Mild Curve,LH,30,-0.0011
CB,125,,,Tangent,CB_TG_063_162.973,162.973086,,,,,163.299907,326.821,,Tangent,,,-0.0011
CB,126,ML63,ML,Curve,CB_CV_063_163.300,163.299907,163300,163355,163561,163616,163.616448,316.541,-2000,Mild Curve,LH,30,-0.0011
CB,127,,,Tangent,CB_TG_064_163.616,163.616448,,,,,167.076232,3459.784,,Tangent,,,0.003782080925
CB,128,ML64,ML,Curve,CB_CV_064_167.076,167.076232,167076,167131,167333,167388,167.387582,311.35,-4000,Tangent,LH,15,0.004419354839
CB,129,,,Tangent,CB_TG_065_167.388,167.387582,,,,,170.299146,2911.564,,Tangent,,,0.001197938144
CB,130,ML65,ML,Curve,CB_CV_065_170.299,170.299146,170299,170354,171265,171320,171.3203,1021.154,-10000,Tangent,LH,0,0.002049019608
CB,131,,,Tangent,CB_TG_066_171.320,171.3203,,,,,173.159304,1839.004,,Tangent,,,0.003313043478
CB,132,ML66,ML,Curve,CB_CV_066_173.159,173.159304,173159,173214,173296,173351,173.350732,191.428,-4000,Tangent,LH,15,0.0036
CB,133,,,Tangent,CB_TG_067_173.351,173.350732,,,,,175.412472,2061.74,,Tangent,,,0.0036
CB,134,ML67,ML,Curve,CB_CV_067_175.412,175.412472,175412,175467,178454,178509,178.508965,3096.493,4900,Tangent,RH,10,0.002976774194
CB,135,,,Tangent,CB_TG_068_178.509,178.508965,,,,,178.79372,284.755,,Tangent,,,0.0024
CB,136,ML68,ML,Curve,CB_CV_068_178.794,178.79372,178794,178849,180040,180095,180.095081,1301.361,-3700,Tangent,LH,15,0.005697709924
CB,137,,,Tangent,CB_TG_069_180.095,180.095081,,,,,180.724553,629.472,,Tangent,,,0.0072
CB,138,ML69,ML,Curve,CB_CV_069_180.725,180.724553,180725,180780,180926,180981,180.981237,256.684,-5000,Tangent,LH,10,0.0072
CB,139,,,Tangent,CB_TG_070_180.981,180.981237,,,,,182.096219,1114.982,,Tangent,,,0.0056375
CB,140,ML70,ML,Curve,CB_CV_070_182.096,182.096219,182096,182151,183059,183114,183.113681,1017.462,-2000,Mild Curve,LH,30,0.0037
CB,141,,,Tangent,CB_TG_071_183.114,183.113681,,,,,183.868217,754.536,,Tangent,,,0.0037
CB,142,ML71,ML,Curve,CB_CV_071_183.868,183.868217,183868,183923,184348,184403,184.403406,535.189,3000,Mild Curve,RH,20,0.0037
CB,143,,,Tangent,CB_TG_072_184.403,184.403406,,,,,187.169353,2765.947,,Tangent,,,0.003292418773
CB,144,ML72,ML,Curve,CB_CV_072_187.169,187.169353,187169,187224,187258,187313,187.31258,143.227,3000,Mild Curve,RH,20,0.006
CB,145,,,Tangent,CB_TG_073_187.313,187.31258,,,,,188.429887,1117.307,,Tangent,,,0.005671428571
CB,146,ML73,ML,Curve,CB_CV_073_188.430,188.429887,188430,188485,189078,189133,189.132849,702.962,-2000,Mild Curve,LH,30,0.0044
CB,147,,,Tangent,CB_TG_074_189.133,189.132849,,,,,190.305097,1172.248,,Tangent,,,0.0044
CB,148,ML74,ML,Curve,CB_CV_074_190.305,190.305097,190305,190360,190702,190757,190.757185,452.088,-1200,Mild Curve,LH,55,0.0044
CB,149,,,Tangent,CB_TG_075_190.757,190.757185,,,,,191.901388,1144.203,,Tangent,,,0.01047894737
CB,150,ML75,ML,Curve,CB_CV_075_191.901,191.901388,191901,191956,192486,192541,192.540672,639.284,-3000,Mild Curve,LH,20,0.0107
CB,151,,,Tangent,CB_TG_076_192.541,192.540672,,,,,193.394133,853.461,,Tangent,,,0.004522352941
CB,152,ML76,ML,Curve,CB_CV_076_193.394,193.394133,193394,193449,195098,195153,195.153365,1759.232,3000,Mild Curve,RH,20,0.0018
CB,153,,,Tangent,CB_TG_077_195.153,195.153365,,,,,197.205793,2052.428,,Tangent,,,0.004859708738
CB,154,ML77,ML,Curve,CB_CV_077_197.206,197.205793,197206,197261,197295,197350,197.349551,143.758,10000,Tangent,RH,0,0.0051
CB,155,,,Tangent,CB_TG_078_197.350,197.349551,,,,,199.715184,2365.633,,Tangent,,,0.007676371308
CB,156,ML78,ML,Curve,CB_CV_078_199.715,199.715184,199715,199770,200194,200249,200.249011,533.827,-2000,Mild Curve,LH,30,0.0094
CB,157,,,Tangent,CB_TG_079_200.249,200.249011,,,,,200.501536,252.525,,Tangent,,,0.0094
CB,158,ML79,ML,Curve,CB_CV_079_200.502,200.501536,200502,200557,201403,201458,201.457564,956.028,2000,Mild Curve,RH,20,-0.00084375
CB,159,,,Tangent,CB_TG_080_201.458,201.457564,,,,,201.810232,352.668,,Tangent,,,-0.0055
CB,160,ML80,ML,Curve,CB_CV_080_201.810,201.810232,201810,201865,202346,202401,202.401319,591.087,-2000,Mild Curve,LH,15,-0.0055
CB,161,,,Tangent,CB_TG_081_202.401,202.401319,,,,,203.147207,745.888,,Tangent,,,-0.0055
CB,162,ML81,ML,Curve,CB_CV_081_203.147,203.147207,203147,203202,203654,203709,203.708814,561.607,-1200,Mild Curve,LH,25,-0.0055
CB,163,,,Tangent,CB_TG_082_203.709,203.708814,,,,,204.58878,879.966,,Tangent,,,-0.0055
CB,164,ML82,ML,Curve,CB_CV_082_204.589,204.58878,204589,204644,204876,204931,204.931324,342.544,1000,Sharp Curve,RH,40,-0.0055
CB,165,,,Tangent,CB_TG_083_204.931,204.931324,,,,,206.810252,1878.928,,Tangent,,,-0.003158510638
CB,166,ML83,ML,Curve,CB_CV_083_206.810,206.810252,206810,206865,207868,207923,207.922605,1112.353,1500,Mild Curve,RH,40,0.0087
CB,167,,,Tangent,CB_TG_084_207.923,207.922605,,,,,209.46457,1541.965,,Tangent,,,0.005427272727
CB,168,ML84,ML,Curve,CB_CV_084_209.465,209.46457,209465,209520,209667,209722,209.721854,257.284,-2000,Mild Curve,LH,15,-0.0053
CB,169,,,Tangent,CB_TG_085_209.722,209.721854,,,,,210.30257,580.716,,Tangent,,,-0.0053
CB,170,ML85,ML,Curve,CB_CV_085_210.303,210.30257,210303,210358,210598,210653,210.65286,350.29,-1000,Sharp Curve,LH,30,-0.0053
CB,171,,,Tangent,CB_TG_086_210.653,210.65286,,,,,211.114179,461.319,,Tangent,,,-0.0053
CB,172,ML86,ML,Curve,CB_CV_086_211.114,211.114179,211114,211169,212047,212102,212.101991,987.812,1000,Sharp Curve,RH,30,-0.0053
CB,173,,,Tangent,CB_TG_087_212.102,212.101991,,,,,213.249371,1147.38,,Tangent,,,-0.005182608696
CB,174,ML87,ML,Curve,CB_CV_087_213.249,213.249371,213249,213304,214436,214491,214.490723,1241.352,-2000,Mild Curve,LH,15,-0.0044
CB,175,,,Tangent,CB_TG_088_214.491,214.490723,,,,,215.920212,1429.489,,Tangent,,,-0.0044
CB,176,ML88,ML,Curve,CB_CV_088_215.920,215.920212,215920,215975,216277,216332,216.332477,412.265,-3000,Mild Curve,LH,10,-0.0044
CB,177,,,Tangent,CB_TG_089_216.332,216.332477,,,,,217.382675,1050.198,,Tangent,,,-0.00232
CB,178,ML89,ML,Curve,CB_CV_089_217.383,217.382675,217383,217438,217603,217658,217.658458,275.783,-5000,Tangent,LH,10,0.0034
CB,179,,,Tangent,CB_TG_090_217.658,217.658458,,,,,218.678882,1020.424,,Tangent,,,0.0034
CB,180,ML90,ML,Curve,CB_CV_090_218.679,218.678882,218679,218734,218887,218942,218.941582,262.7,-10000,Tangent,LH,0,0.0034
CB,181,,,Tangent,CB_TG_091_218.942,218.941582,,,,,220.923217,1981.635,,Tangent,,,-0.0007282828283
CB,182,ML91,ML,Curve,CB_CV_091_220.923,220.923217,220923,220978,221197,221252,221.252281,329.064,2000,Mild Curve,RH,30,-0.0033
CB,183,,,Tangent,CB_TG_092_221.252,221.252281,,,,,224.199043,2946.762,,Tangent,,,-0.0033
CB,184,ML92,ML,Curve,CB_CV_092_224.199,224.199043,224199,224254,224868,224923,224.922662,723.619,-2000,Mild Curve,LH,30,-0.0033
CB,185,,,Tangent,CB_TG_093_224.922,224.922662,,,,,226.438998,1516.336,,Tangent,,,-0.003142105263
CB,186,ML93,ML,Curve,CB_CV_093_226.439,226.438998,226439,226494,227533,227588,227.58816,1149.162,2000,Mild Curve,RH,30,-0.0023
CB,187,,,Tangent,CB_TG_094_227.588,227.58816,,,,,228.944456,1356.296,,Tangent,,,0.001956296296
CB,188,ML94,ML,Curve,CB_CV_094_228.944,228.944456,228944,228999,229234,229289,229.289206,344.75,-2000,Mild Curve,LH,30,0.0146
CB,189,,,Tangent,CB_TG_095_229.289,229.289206,,,,,230.042411,753.205,,Tangent,,,0.0146
CB,190,ML95,ML,Curve,CB_CX_095_230.042,230.042411,230042,230097,230986,231041,231.041213,998.802,2000,Mild Curve,RH,30,0.0146
CB,191,,,Tangent,CB_TG_096_231.041,231.041213,,,,,231.406907,365.694,,Tangent,,,0.0146
CB,192,ML96,ML,Curve,CB_CV_096_231.407,231.406907,231407,231462,231655,231710,231.710038,303.131,-2000,Mild Curve,LH,30,0.0146
CB,193,,,Tangent,CB_TG_097_231.710,231.710038,,,,,234.134338,2424.3,,Tangent,,,0.006823553719
CB,194,ML97,ML,Curve,CB_CV_097_234.134,234.134338,234134,234189,235204,235259,235.259231,1124.893,-3000,Mild Curve,LH,20,-0.0007
CB,195,,,Tangent,CB_TG_098_235.259,235.259231,,,,,237.504537,2245.306,,Tangent,,,0.001505357143
CB,196,ML98,ML,Curve,CB_CV_098_237.505,237.504537,237505,237560,238056,238111,238.111437,606.9,3000,Mild Curve,RH,20,0.0031
CB,197,,,Tangent,CB_TG_099_238.111,238.111437,,,,,239.365639,1254.202,,Tangent,,,-0.0008349206349
CB,198,ML99,ML,Curve,CB_CV_099_239.366,239.365639,239366,239421,239514,239569,239.568836,203.197,-2000,Mild Curve,LH,0,-0.0043
CB,199,,,Tangent,CB_TG_100_239.569,239.568836,,,,,240.704073,1135.237,,Tangent,,,-0.0043
CB,200,ML100,ML,Curve,CB_CV_100_240.704,240.704073,240704,240759,240977,241032,241.031727,327.654,2000,Mild Curve,RH,0,-0.0043
CB,201,,,Tangent,CB_TG_101_241.032,241.031727,,,,,241.635666,603.939,,Tangent,,,-0.003473770492
CB,202,ML101,ML,Curve,CB_CV_101_241.636,241.635666,241636,241691,242323,242378,242.377769,742.103,-1500,Mild Curve,LH,10,-0.0022
CB,203,,,Tangent,CB_TG_102_242.378,242.377769,,,,,244.444483,2066.714,,Tangent,,,-0.0022
CB,204,ML102,ML,Curve,CB_CV_102_244.444,244.444483,244444,244499,245035,245090,245.089783,645.3,-2000,Mild Curve,LH,0,-0.0022
CB,205,,,Tangent,CB_TG_103_245.090,245.089783,,,,,245.302416,212.633,,Tangent,,,-0.0022
CB,206,ML103,ML,Curve,CB_CV_103_245.302,245.302416,245302,245357,246124,246179,246.179009,876.593,-9900,Tangent,LH,0,-0.0006886363636
CB,207,,,Tangent,CB_TG_104_246.179,246.179009,,,,,247.230984,1051.975,,Tangent,,,0.0013
CB,208,ML104,ML,Curve,CB_CV_104_247.231,247.230984,247231,247286,248816,248871,248.870672,1639.688,3800,Tangent,RH,0,0.0003725609756
CB,209,,,Tangent,CB_TG_105_248.871,248.870672,,,,,249.944263,1073.591,,Tangent,,,0
CB,210,ML105,ML,Curve,CB_CV_105_249.944,249.944263,249944,249999,251737,251792,251.792156,1847.893,-2000,Mild Curve,LH,0,0
CC,211,,,Tangent,CC_TG_001_251.792,251.792156,,,,,253.201624,1409.468,,Tangent,,,0
CC,212,ML106,ML,Curve,CC_CV_001_253.202,253.201624,253201.624,253221.624,253248.445,253268.445,253.268445,66.821,-2000,Mild Curve,LH,25,0
CC,213,,,Tangent,CC_TG_002_253.268,253.268445,,,,,255.090364,1821.919,,Tangent,,,0
CC,214,ML107,ML,Curve,CC_CV_002_255.090,255.090364,255090.364,255145.364,255547.802,255602.802,255.602802,512.438,1100,Mild Curve,RH,45,-0.001117647059
CC,215,,,Tangent,CC_TG_003_255.603,255.602802,,,,,256.871172,1268.37,,Tangent,,,-0.0019
CC,216,ML108,ML,Curve,CC_CV_003_256.871,256.871172,256871.172,256926.172,257126.868,257181.868,257.181868,310.696,-2000,Mild Curve,LH,25,-0.0019
CC,217,,,Tangent,CC_TG_004_257.182,257.181868,,,,,259.146621,1964.753,,Tangent,,,-0.0019
CC,218,ML109,ML,Curve,CC_CV_004_259.147,259.146621,259146.621,259201.621,259400.689,259455.689,259.455689,309.068,2000,Mild Curve,RH,25,-0.0019
CC,219,,,Tangent,CC_TG_005_259.456,259.455689,,,,,260.164468,708.779,,Tangent,,,-0.001877142857
CC,220,ML110,ML,Curve,CC_CV_005_260.164,260.164468,260164.468,260219.468,261303.545,261358.545,261.358545,1194.077,-2000,Mild Curve,LH,25,-0.0018
CC,221,,,Tangent,CC_TG_006_261.359,261.358545,,,,,262.120518,761.973,,Tangent,,,-0.0018
CC,222,ML111,ML,Curve,CC_CV_006_262.121,262.120518,262120.518,262175.518,262201.384,262256.384,262.256384,135.866,2000,Mild Curve,RH,25,-0.0018
CC,223,,,Tangent,CC_TG_007_262.256,262.256384,,,,,262.602884,346.5,,Tangent,,,-0.0018
CC,224,ML112,ML,Curve,CC_CV_007_262.603,262.602884,262602.884,262657.884,263873.044,263928.044,263.928044,1325.16,2000,Mild Curve,RH,25,-0.0018
CC,225,,,Tangent,CC_TG_008_263.928,263.928044,,,,,265.457251,1529.207,,Tangent,,,-0.0018
CC,226,ML113,ML,Curve,CC_CV_008_265.457,265.457251,265457.251,265512.251,265733.893,265788.893,265.788893,331.642,-3000,Mild Curve,LH,15,-0.0018
CC,227,,,Tangent,CC_TG_009_265.789,265.788893,,,,,266.444393,655.5,,Tangent,,,-0.0018
CC,228,ML114,ML,Curve,CC_CV_009_266.444,266.444393,266444.393,266499.393,266898.275,266953.275,266.953275,508.882,-1000,Sharp Curve,LH,50,-0.001005882353
CC,229,,,Tangent,CC_TG_010_266.953,266.953275,,,,,267.430299,477.024,,Tangent,,,0.0009
CC,230,ML115,ML,Curve,CC_CV_010_267.430,267.430299,267430.299,267485.299,267701.66,267756.66,267.75666,326.361,3000,Mild Curve,RH,15,0.0009
CC,231,,,Tangent,CC_TG_011_267.757,267.75666,,,,,268.104498,347.838,,Tangent,,,0.0009
CC,232,ML116,ML,Curve,CC_CV_011_268.104,268.104498,268104.498,268159.498,269002.798,269057.798,269.057798,953.3,1500,Mild Curve,RH,35,0.0009
CC,233,,,Tangent,CC_TG_012_269.058,269.057798,,,,,269.599892,542.094,,Tangent,,,0.0009
CC,234,ML117,ML,Curve,CC_CV_012_269.600,269.599892,269599.892,269654.892,269817.876,269872.876,269.872876,272.984,-3000,Mild Curve,LH,15,0.000562962963
CC,235,,,Tangent,CC_TG_013_269.873,269.872876,,,,,270.296868,423.992,,Tangent,,,-0.0004
CC,236,ML118,ML,Curve,CC_CV_013_270.297,270.296868,270296.868,270351.868,270865.673,270920.673,270.920673,623.805,-2000,Mild Curve,LH,25,-0.0004
CC,237,,,Tangent,CC_TG_014_270.921,270.920673,,,,,272.369646,1448.973,,Tangent,,,-0.0004
CC,238,ML119,ML,Curve,CC_CV_014_272.370,272.369646,272369.646,272424.646,272681.18,272736.18,272.73618,366.534,-2000,Mild Curve,LH,25,-0.0003243243243
CC,239,,,Tangent,CC_TG_015_272.736,272.73618,,,,,274.808887,2072.707,,Tangent,,,-0.0002
CC,240,ML120,ML,Curve,CC_CV_015_274.809,274.808887,274808.887,274863.887,275058.242,275113.242,275.113242,304.355,-2000,Mild Curve,LH,25,-0.0002
CC,241,,,Tangent,CC_TG_016_275.113,275.113242,,,,,276.732016,1618.774,,Tangent,,,-0.0002
CC,242,ML121,ML,Curve,CC_CV_016_276.732,276.732016,276732.016,276787.016,277010.639,277065.639,277.065639,333.623,-2000,Mild Curve,LH,25,-0.0007558823529
CC,243,,,Tangent,CC_TG_017_277.066,277.065639,,,,,279.348273,2282.634,,Tangent,,,-0.0009
CC,244,ML122,ML,Curve,CC_CV_017_279.348,279.348273,279348.273,279403.273,279579.709,279634.709,279.634709,286.436,2000,Mild Curve,RH,25,-0.0009
CC,245,,,Tangent,CC_TG_018_279.635,279.634709,,,,,281.057139,1422.43,,Tangent,,,-0.0009
CC,246,ML123,ML,Curve,CC_CV_018_281.057,281.057139,281057.139,281112.139,282521.625,282576.625,282.576625,1519.486,2000,Mild Curve,RH,25,-0.001105263158
CC,247,,,Tangent,CC_TG_019_282.577,282.576625,,,,,282.902344,325.719,,Tangent,,,-0.0013
CC,248,ML124,ML,Curve,CC_CV_019_282.902,282.902344,282902.344,282957.344,283513.499,283568.499,283.568499,666.155,1500,Mild Curve,RH,35,-0.0013
CC,249,,,Tangent,CC_TG_020_283.568,283.568499,,,,,287.55236,3983.861,,Tangent,,,-0.001381658291
CC,250,ML125,ML,Curve,CC_CV_020_287.552,287.55236,287552.36,287572.36,287602.349,287622.349,287.622349,69.989,-1000,Sharp Curve,LH,10,0
CC,251,,,Tangent,CC_TG_021_287.622,287.622349,,,,,287.650959,28.61,,Tangent,,,0
CC,252,ML126,ML,Curve,CC_CV_021_287.651,287.650959,287650.959,287670.959,288518.426,288538.426,288.538426,887.467,-900,Sharp Curve,LH,15,0
CC,253,,,Tangent,CC_TG_022_288.538,288.538426,,,,,288.835959,297.533,,Tangent,,,0
CC,254,ML127,ML,Curve,CC_CV_022_288.836,288.835959,288835.959,288855.959,289160.532,289180.532,289.180532,344.573,600,Sharp Curve,RH,20,0
CC,255,,,Tangent,CC_TG_023_289.181,289.180532,,,,,291.151644,1971.112,,Tangent,,,0
CC,256,ML128,ML,Curve,CC_CV_023_291.152,291.151644,291151.644,291171.644,292397.624,-,292.425,1273,-605,Sharp Curve,LH,20,0
CC,257,,,Tangent,CC_TG_024_292.425,292.425,,,,,292.425,-0.02499999999,,Tangent,,,0
CC,258,ML129,ML,Curve,CC_CV_024_292.425,292.425,-,292425.025,293406.986,293426.986,293.427,1001.961,-605,Sharp Curve,LH,20,0
CC,259,,,Tangent,CC_TG_025_293.427,293.427,,,,,293.855,428,,Tangent,,,0
CC,260,ML130,ML,Curve,CC_CV_025_293.855,293.855,293855.128,293875.128,294042.353,294062.353,294.062,207.225,-3000,Mild Curve,LH,0,0
CC,261,,,Tangent,CC_TG_026_294.062,294.062,,,,,294.256,194,,Tangent,,,0
CC,262,ML131,ML,Curve,CC_CV_026_294.256,294.256,294255.916,294275.916,294443.141,294463.141,294.463,207.225,3000,Mild Curve,RH,0,0
CC,263,,,Tangent,CC_TG_027_294.463,294.463,,,,,296.054,1591,,Tangent,,,0
CC,264,ML132,ML,Curve,CC_CV_027_296.054,296.054,296054.426,296074.426,296907.435,296927.435,296.927,873.009,885,Sharp Curve,RH,10,0
CC,265,,,Tangent,CC_TG_028_296.927,296.927,,,,,297.314,387,,Tangent,,,0
SL,266,,,Tangent,SL_TG_001_174.342,174.342,,,,,174.425,,,Tangent,,,
SL,267,SL1,SL,Curve,SL_CV_001_174.425,174.425,174424.741,174479.741,174524.659,174579.659,174.58,155,-2000,Mild Curve,LH,0,0.0037
SL,268,,,Tangent,SL_TG_002_174.580,174.58,,,,,175.249,,,Tangent,,,
SL,269,SL2,SL,Curve,SL_CV_002_175.249,175.249,175249.47,175304.47,175520.427,175575.427,175.575,326,2000,Mild Curve,RH,0,0.0037
SL,270,,,Tangent,SL_TG_003.175.575,175.575,,,,,176.234,,,Tangent,,,
SL,271,SL3,SL,Curve,SL_CV_003_176.234,176.234,176233.983,176288.983,178420.193,178475.193,178.475,2241,1400,Mild Curve,RH,35,0.0029
SL,272,,,Tangent,SL_TG_004_178.475,178.475,,,,,179.751,1276,,Tangent,,,
SL,273,SL4,SL,Curve,SL_CV_004_179.751,179.751,179751.435,179806.435,180326.601,180381.601,180.382,631,-2000,Mild Curve,LH,25,-0.003
SL,274,,,Tangent,SL_TG_005_180.382,180.382,,,,,184.776,4394,,Tangent,,,
SL,275,SL5,SL,Curve,SL_CV_005_184.776,184.776,184775.891,184830.891,185007.023,185062.023,185.062,286,-2000,Mild Curve,LH,25,0.001
SL,276,,,Tangent,SL_TG_006_185.062,185.062,,,,,186.584,1522,,Tangent,,,
SL,277,SL6,SL,Curve,SL_CV_006_186.584,186.584,186583.506,186638.506,186749.552,186804.552,186.805,221,-2100,Mild Curve,LH,25,0.0042
SL,278,,,Tangent,SL_TG_007_186.805,186.805,,,,,187.949,1144,,Tangent,,,
SL,279,SL7,SL,Curve,SL_CV_007_187.949,187.949,187949.099,188004.099,188143.175,188198.175,188.198,249,2000,Mild Curve,RH,25,0.001
SL,280,,,Tangent,SL_TG_008_188.198,188.198,,,,,189.775,1577,,Tangent,,,
SL,281,SL8,SL,Curve,SL_CV_008_189.775,189.775,189775.34,189830.34,190896.829,190951.829,190.952,1177,-1750,Mild Curve,LH,30,0.0063
SL,282,,,Tangent,SL_TG_009_190.952,190.952,,,,,192.274,1322,,Tangent,,,
SL,283,SL9,SL,Curve,SL_CV_009_192.274,192.274,192274.226,192329.226,192679.027,192734.027,192.734,460,1500,Mild Curve,RH,35,0.002
SL,284,,,Tangent,SL_TG_010_192.734,192.734,,,,,193.786,1052,,Tangent,,,
SL,285,SL10,SL,Curve,SL_CV_010_193.786,193.786,193785.814,193840.814,194603.613,194658.613,194.659,873,2000,Mild Curve,RH,25,0.002
SL,286,,,Tangent,SL_TG_011_194.659,194.659,,,,,197.25,2591,,Tangent,,,
SL,287,SL11,SL,Curve,SL_CV_011_197.250,197.25,197250.11,197305.119,197823.949,197878.949,197.879,629,1000,Sharp Curve,RH,40,0.0097
SL,288,,,Tangent,SL_TG_012_197.879,197.879,,,,,198.88,1001,,Tangent,,,
SL,289,SL12,SL,Curve,SL_CV_012_198.880,198.88,198880.426,198935.426,199341.661,199396.661,199.397,517,2000,Mild Curve,RH,25,0.0146
SL,290,,,Tangent,SL_TG_013_199.397,199.397,,,,,199.678,281,,Tangent,,,
SL,291,SL13,SL,Curve,SL_CV_013_199.678,199.678,199678.062,199733.062,200222.528,200277.528,200.278,600,-2000,Mild Curve,LH,25,0.0146
SL,292,,,Tangent,SL_TG_014_200.278,200.278,,,,,201.214,936,,Tangent,,,
SL,293,SL14,SL,Curve,SL_CV_014_201.214,201.214,201213.518,201268.518,202264.005,202319.005,202.319,1105,-2000,Mild Curve,LH,25,0.0146
SL,294,,,Tangent,SL_TG_015_202.319,202.319,,,,,203.853,1534,,Tangent,,,
SL,295,SL15,SL,Curve,SL_CV_015_203.853,203.853,203852.548,203907.548,204206.205,204261.205,204.261,408,2000,Mild Curve,RH,25,0.015
SL,296,,,Tangent,SL_TG_016_204.261,204.261,,,,,204.526,265,,Tangent,,,
SL,297,SL16,SL,Curve,SL_CV_016_204.526,204.526,204525.983,204580.983,205009.45,205064.45,205.064,538,-1500,Mild Curve,LH,35,-0.004
SL,298,,,Tangent,SL_TG_017_205.064,205.064,,,,,205.287,223,,Tangent,,,
SL,299,SL17,SL,Curve,SL_CV_017_205.287,205.287,205287.296,205342.296,206068.071,206123.07,206.123,836,1500,Mild Curve,RH,35,-0.004
SL,300,,,Tangent,SL_TG_018_206.123,206.123,,,,,206.468,345,,Tangent,,,
SL,301,SL18,SL,Curve,SL_CV_018_206.468,206.468,206467.901,206522.901,207098.785,207153.785,207.154,686,-2000,Mild Curve,LH,25,-0.004
SL,302,,,Tangent,SL_TG_019_207.154,207.154,,,,,209.563,2409,,Tangent,,,
SL,303,SL19,SL,Curve,SL_CV_019_209.563,209.563,209563.327,209618.327,210726.724,210781.724,210.782,1219,1500,Mild Curve,RH,35,-0.001
SL,304,,,Tangent,SL_TG_020_210.782,210.782,,,,,211.698,916,,Tangent,,,
SL,305,SL20,SL,Curve,SL_CV_020_211.698,211.698,211698.345,211753.345,211848.969,211903.969,211.904,206,1500,Mild Curve,RH,35,0.0123
SL,306,,,Tangent,SL_TG_021_211.904,211.904,,,,,212.954,1050,,Tangent,,,
SL,307,SL21,SL,Curve,SL_CV_021_212.954,212.954,212954.178,213009.178,213188.459,213243.459,213.243,289,-1500,Mild Curve,LH,35,0.0123
SL,308,,,Tangent,SL_TG_022_213.243,213.243,,,,,213.846,603,,Tangent,,,
SL,309,SL22,SL,Curve,SL_CV_022_213.846,213.846,213845.619,213900.619,214191.394,214246.394,214.246,400,1500,Mild Curve,RH,35,0.0123
SL,310,,,Tangent,SL_TG_023_214.246,214.246,,,,,214.926,680,,Tangent,,,
SL,311,SL23,SL,Curve,SL_CV_023_214.926,214.926,214926.25,214981.25,215260.661,215315.661,215.316,390,2000,Mild Curve,RH,25,0.0121
SL,312,,,Tangent,SL_TG_024_215.316,215.316,,,,,216.715,1399,,Tangent,,,
SL,313,SL24,SL,Curve,SL_CV_024_216.715,216.715,216714.522,216769.522,217015.844,217070.844,217.071,356,-2000,Mild Curve,LH,25,-0.0041
SL,314,,,Tangent,SL_TG_025_217.071,217.071,,,,,218.57,1499,,Tangent,,,
SL,315,SL25,SL,Curve,SL_CV_025_218.570,218.57,218570.294,218625.294,219041.986,219096.986,219.097,527,2000,Mild Curve,RH,25,-0.0041
SL,316,,,Tangent,SL_TG_026_219.097,219.097,,,,,220.39,1293,,Tangent,,,
SL,317,SL26,SL,Curve,SL_CV_026_220.39,220.39,220389.898,220444.898,220992.089,221047.089,221.047,657,-2000,Mild Curve,LH,25,-0.005
SL,318,,,Tangent,SL_TG_027_221.047,221.047,,,,,221.323,276,,Tangent,,,
SL,319,SL27,SL,Curve,SL_CV_027_221.323,221.323,221323.233,221378.233,221523.257,221578.257,221.578,255,1500,Mild Curve,RH,35,-0.005
SL,320,,,Tangent,SL_TG_028_221.578,221.578,,,,,222.299,721,,Tangent,,,
SL,321,SL28,SL,Curve,SL_CV_028_222.299,222.299,222298.949,222353.949,222833.186,222888.186,222.888,589,1200,Mild Curve,RH,40,0.002
SL,322,,,Tangent,SL_TG_029_222.888,222.888,,,,,224.484,1596,,Tangent,,,
SL,323,SL29,SL,Curve,SL_CV_029_224.484,224.484,224484.011,224539.011,224982.215,225037.215,225.037,553,-2000,Mild Curve,LH,25,0.002
SL,324,,,Tangent,SL_TG_030_225.037,225.037,,,,,226.091,1054,,Tangent,,,
SL,325,SL30,SL,Curve,SL_CV_030_226.091,226.091,226091.479,226146.479,226366.004,226421.004,226.421,330,-2000,Mild Curve,LH,25,-0.0052
SL,326,,,Tangent,SL_TG_031_226.421,226.421,,,,,228.203,1782,,Tangent,,,
SL,327,SL31,SL,Curve,SL_CV_031_228.203,228.203,228202.661,228257.661,229044.516,229099.516,229.1,897,-2000,Mild Curve,LH,25,-0.0047
SL,328,,,Tangent,SL_TG_032_229.100,229.1,,,,,230.15,1050,,Tangent,,,
SL,329,SL32,SL,Curve,SL_CV_032_230.150,230.15,230149.893,230204.893,230317.738,230372.738,230.373,223,2000,Mild Curve,RH,25,-0.0015
SL,330,,,Tangent,SL_TG_033_230.373,230.373,,,,,231.231,858,,Tangent,,,
SL,331,SL33,SL,Curve,SL_CV_033_231.231,231.231,231230.523,231285.523,231389.948,231444.948,231.445,214,-2000,Mild Curve,LH,25,-0.0015
SL,332,,,Tangent,SL_TG_034_231.445,231.445,,,,,232.376,931,,Tangent,,,
SL,333,SL34,SL,Curve,SL_CV_034_232.376,232.376,232376.216,232431.216,232589.248,232644.248,232.644,268,-2000,Mild Curve,LH,25,-0.0015
SL,334,,,Tangent,SL_TG_035_232.644,232.644,,,,,233.651,1007,,Tangent,,,
SL,335,SL35,SL,Curve,SL_CV_035_233.651,233.651,233650.653,233705.653,233978.513,234033.513,234.034,383,2000,Mild Curve,RH,25,-0.002
SL,336,,,Tangent,SL_TG_036_234.034,234.034,,,,,234.721,687,,Tangent,,,
SL,337,SL36,SL,Curve,SL_TG_036_234.721,234.721,234721.268,234776.268,235007.156,235062.156,235.062,341,-2000,Mild Curve,LH,25,-0.002
SL,338,,,Tangent,SL_TG_037_235.062,235.062,,,,,236.456,1394,,Tangent,,,
SL,339,SL37,SL,Curve,SL_CV_037_236.456,236.456,236455.503,236510.503,237196.862,237251.862,237.252,796,1000,Sharp Curve,RH,40,-0.0029
SL,340,,,Tangent,SL_TG_038_237.252,237.252,,,,,237.566,314,,Tangent,,,
SL,341,SL38,SL,Curve,SL_CV_038_237.566,237.566,237566.395,237621.395,238625.381,238680.381,238.68,1114,-1000,Sharp Curve,LH,40,-0.0029
SL,342,,,Tangent,SL_TG_039_238.680,238.68,,,,,238.909,229,,Tangent,,,
SL,343,SL39,SL,Curve,SL_CV_039_238.909,238.909,238909.024,238964.024,239539.428,239594.428,239.594,685,1000,Sharp Curve,RH,40,0.001
SL,344,,,Tangent,SL_TG_040_239.594,239.594,,,,,241.638,2044,,Tangent,,,
SL,345,SL40,SL,Curve,SL_CV_040_241.638,241.638,241638.007,241693.007,242248.494,242303.494,242.303,665,-1200,Mild Curve,LH,40,0.0021
SL,346,,,Tangent,SL_TG_041_242.303,242.303,,,,,244.369,2066,,Tangent,,,
SL,347,SL41,SL,Curve,SL_CV_041_244.369,244.369,244369.366,244424.366,244697.468,244752.468,244.752,383,2000,Mild Curve,RH,25,-0.0052
SL,348,,,Tangent,SL_TG_042_244.752,244.752,,,,,244.953,201,,Tangent,,,
SL,349,SL42,SL,Curve,SL_CV_042_244.953,244.953,244952.546,245007.546,245185.678,245240.678,245.241,288,-2000,Mild Curve,LH,25,-0.0052
SL,350,,,Tangent,SL_TG_043_245.241,245.241,,,,,247.576,2335,,Tangent,,,
SL,351,SL43,SL,Curve,SL_CV_043_247.576,247.576,247575.616,247630.616,247785.638,247840.638,247.841,265,-1200,Mild Curve,LH,40,-0.0049
SL,352,,,Tangent,SL_TG_044_247.841,247.841,,,,,249.671,1830,,Tangent,,,
SL,353,SL44,SL,Curve,SL_CV_044_249.671,249.671,249671.185,249726.185,250028.819,250083.819,250.084,413,-1200,Mild Curve,LH,40,-0.0049
SL,354,,,Tangent,SL_TG_045_250.084,250.084,,,,,251.23,1146,,Tangent,,,
SL,355,SL45,SL,Curve,SL_CV_045_251.230,251.23,251230.095,251285.095,251442.534,251497.534,251.498,268,1200,Mild Curve,RH,40,-0.0017
SL,356,,,Tangent,SL_TG_046_251.498,251.498,,,,,257.259,5761,,Tangent,,,
SL,357,SL46,SL,Curve,SL_CV_046_257.259,257.259,257258.599,257313.599,257744.375,257799.375,257.799,540,2000,Mild Curve,RH,25,-0.0003
SL,358,,,Tangent,SL_TG_047_257.799,257.799,,,,,262.95,5151,,Tangent,,,
SL,359,SL47,SL,Curve,SL_CV_047_262.950,262.95,262949.966,263004.966,263116.201,263171.201,263.171,221,2000,Mild Curve,RH,25,0
SL,360,,,Tangent,SL_TG_048_263.171,263.171,,,,,276.749,13578,,Tangent,,,
SL,361,SL48,SL,Curve,SL_CV_048_276.749,276.749,276749.188,276804.188,276902.13,276957.13,276.957,208,2000,Mild Curve,RH,25,0.001
SL,362,,,Tangent,SL_TG_049_276.957,276.957,,,,,285.117,8160,,Tangent,,,
SL,363,SL49,SL,Curve,SL_CV_049_285.117,285.117,285117.143,285172.143,285247.059,285302.059,285.302,185,-2000,Mild Curve,LH,25,0.0079
SL,364,,,Tangent,SL_TG_050_285.302,285.302,,,,,287.205,1903,,Tangent,,,
SL,365,SL50,SL,Curve,SL_CV_050_287.205,287.205,287205.243,287260.243,287599.155,287654.155,287.654,449,1200,Mild Curve,RH,25,0.0104
SL,366,,,Tangent,SL_TG_051_287.654,287.654,,,,,288.563,909,,Tangent,,,
SL,367,SL51,SL,Curve,SL_CV_051_288.563,288.563,288563.471,288618.471,289188.402,289243.402,289.243,680,1200,Mild Curve,RH,25,-0.0025
SL,368,,,Tangent,SL_TG_052_289.243,289.243,,,,,290.771,1528,,Tangent,,,
SL,369,SL52,SL,Curve,SL_CV_052_290.771,290.771,290770.702,290825.702,290979.275,291034.275,291.034,263,1200,Mild Curve,RH,10,-0.0025
SL,370,,,Tangent,SL_TG_053_291.034,291.034,,,,,292.073,1039,,Tangent,,,
SL,371,SL53,SL,Curve,SL_CV_053_292.073,292.073,292073.28,292093.28,292123.265,292143.265,292.143,70,-1000,Sharp Curve,LH,15,-0.0019
SL,372,,,Tangent,SL_TG_054_292.143,292.143,,,,,295.341,3198,,Tangent,,,
SL,373,SL54,SL,Curve,SL_CV_054_295.341,295.341,295341.214,295391.214,295981.23,296031.23,296.031,690,458,Sharp Curve,RH,0,0
SL,374,,,Tangent,SL_TG_055_296.031,296.031,,,,,296.572,541,,Tangent,,,
SL,375,SL55,SL,Curve,SL_CV_055_296.572,296.572,296572.148,296622.148,298163.672,298183.672,298.184,1612,450,Sharp Curve,RH,0,0
SL,376,,,Tangent,SL_TG_056_298.184,298.184,,,,,298.364,180,,Tangent,,,
SL,377,SL56,SL,Curve,SL_CV_056_298.364,298.364,298363.561,298383.561,299384.183,299434.183,299.434,1070,1000,Sharp Curve,RH,0,0
EL,378,,,Tangent,EL_TG_001_288.839,288.839,,,,,290.151,1312,,Tangent,,,
EL,379,EL1,EL,Curve,EL_CV_001_290.151,290.151,290150.503,290205.503,291675.878,291730.878,291.731,1580,-1175,Sharp Curve,LH,40,0.00385
EL,380,,,Tangent,EL_TG_002_291.731,291.731,,,,,292.266,535,,Tangent,,,
EL,381,EL2,EL,Curve,EL_CV_002_292.266,292.266,292266.269,292321.269,293531.786,293586.786,293.587,1321,1200,Mild Curve,RH,40,0.01087
EL,382,,,Tangent,EL_TG_003_293.587,293.587,,,,,293.79,203,,Tangent,,,
EL,383,EL3,EL,Curve,EL_CV_003_293.790,293.79,293789.863,293844.863,294599.903,294654.903,294.655,865,-1000,Sharp Curve,LH,40,0.01087
EL,384,,,Tangent,EL_TG_004_295.655,294.655,,,,,294.862,207,,Tangent,,,
EL,385,EL4,EL,Curve,EL_CV_004_294.862,294.862,294861.696,294916.696,295939.787,295994.787,295.995,1133,1000,Sharp Curve,RH,40,0.01413
EL,386,,,Tangent,EL_TG_005_295.995,295.995,,,,,296.479,484,,Tangent,,,
EL,387,EL5,EL,Curve,EL_CV_005_296.479,296.479,296479.272,296534.272,297249.089,297304.089,297.304,825,1000,Sharp Curve,RH,40,0.01413
EL,388,,,Tangent,EL_TG_006_297.304,297.304,,,,,297.511,207,,Tangent,,,
EL,389,EL6,EL,Curve,EL_CV_006_297.511,297.511,297510.623,297565.623,298300.912,298355.912,298.356,845,-1000,Sharp Curve,LH,40,-0.00267
EL,390,,,Tangent,EL_TG_007_298.356,298.356,,,,,299.165,809,,Tangent,,,
EL,391,EL7,EL,Curve,EL_CV_007_299.165,299.165,299164.773,299219.773,300238.534,300293.534,300.294,1129,1000,Sharp Curve,RH,40,-0.00267
EL,392,,,Tangent,EL_TG_008_300.294,300.294,,,,,300.706,412,,Tangent,,,
EL,393,EL8,EL,Curve,EL_CV_008_300.706,300.706,300706.241,300761.241,302197.938,302252.938,302.253,1547,1000,Sharp Curve,RH,40,0.00268
EL,394,,,Tangent,EL_TG_009_302.253,302.253,,,,,302.764,511,,Tangent,,,
EL,395,EL9,EL,Curve,EL_CV_009_302.764,302.764,302763.723,302818.723,303095.389,303150.389,303.15,386,-2000,Sharp Curve,LH,40,0.0003
EL,396,,,Tangent,EL_TG_010_303.150,303.15,,,,,303.742,592,,Tangent,,,
EL,397,EL10,EL,Curve,EL_CV_010_303.742,303.742,303741.529,303796.529,304196.606,304251.606,304.252,510,-1000,Sharp Curve,LH,40,0.01124
EL,398,,,Tangent,EL_TG_011_304.252,304.252,,,,,304.785,533,,Tangent,,,
EL,399,EL11,EL,Curve,EL_CV_011_304.785,304.785,304784.59,304839.59,305950.207,306005.207,306.005,1220,-1400,Sharp Curve,LH,40,0.01124
EL,400,,,Tangent,EL_TG_012_306.005,306.005,,,,,307.093,1088,,Tangent,,,
EL,401,EL12,EL,Curve,EL_CV_012_307.093,307.093,307092.612,307147.612,308630.242,308685.242,308.685,1592,1300,Mild Curve,RH,25,0.0127
EL,402,,,Tangent,EL_TG_013_308.685,308.685,,,,,310.426,1741,,Tangent,,,
EL,403,EL13,EL,Curve,EL_CV_013_310.426,310.426,310426.217,310481.217,311033.357,311088.357,311.088,662,1200,Mild Curve,RH,15,0.001
EL,404,,,Tangent,EL_TG_014_311.088,311.088,,,,,315.378,4290,,Tangent,,,
EL,405,EL14,EL,Curve,EL_CV_014_315.378,315.378,315377.849,315432.849,315620.762,315675.762,315.676,298,5000,Tangent,RH,10,-0.00465
EL,406,,,Tangent,EL_TG_015_315.676,315.676,,,,,316.873,1197,,Tangent,,,
EL,407,EL15,EL,Curve,EL_CV_015_316.873,316.873,316873.046,316928.046,317643.666,317698.666,317.699,826,-1050,Sharp Curve,LH,40,-0.00465
EL,408,,,Tangent,EL_TG_016_317.699,317.699,,,,,318.101,402,,Tangent,,,
EL,409,EL16,EL,Curve,EL_CV_016_318.101,318.101,318100.766,318155.766,319004.363,319059.363,319.059,958,1050,Mild Curve,RH,40,-0.00103
EL,410,,,Tangent,EL_TG_017_319.059,319.059,,,,,321.287,2228,,Tangent,,,
EL,411,EL17,EL,Curve,EL_CV_017_321.287,321.287,321287.333,321342.333,321946.183,322001.183,322.001,714,-2000,Sharp Curve,LH,30,-0.00065
EL,412,,,Tangent,EL_TG_018_322.001,322.001,,,,,325.335,3334,,Tangent,,,
EL,413,EL18,EL,Curve,EL_CV_018_325.335,325.335,325334.562,325389.562,325874.521,325929.521,325.93,595,-2000,Sharp Curve,LH,35,-0.00291
EL,414,,,Tangent,EL_TG_019_325.930,325.93,,,,,328.31,2380,,Tangent,,,
EL,415,EL19,EL,Curve,EL_CV_019_328.310,328.31,328309.769,328364.769,329177.587,329232.587,329.233,923,-2000,Sharp Curve,LH,35,-0.00026
EL,416,,,Tangent,EL_TG_020_329.233,329.233,,,,,330.458,1225,,Tangent,,,
EL,417,EL20,EL,Curve,EL_CV_020_330.458,330.458,330457.75,330512.75,332372.568,332427.568,332.428,1970,1760,Mild Curve,RH,30,-9.00E-05
EL,418,,,Tangent,EL_TG_021_332.428,332.428,,,,,334.37,1942,,Tangent,,,
EL,419,EL21,EL,Curve,EL_CV_021_334.370,334.37,334369.51,334424.51,335321.925,335376.925,335.377,1007,-1760,Sharp Curve,LH,40,-0.00509
EL,420,,,Tangent,EL_TG_022_335.377,335.377,,,,,339.041,3664,,Tangent,,,
EL,421,EL22,EL,Curve,EL_CV_022_339.041,339.041,339040.662,339095.662,340090.411,340145.411,340.145,1104,-1100,Sharp Curve,LH,40,-0.00345
EL,422,,,Tangent,EL_TG_023_340.145,340.145,,,,,341.665,1520,,Tangent,,,
EL,423,EL23,EL,Curve,EL_CV_023_341.665,341.665,341665.466,341720.466,341914.684,341969.684,341.97,305,1500,Mild Curve,RH,40,0.01004
EL,424,,,Tangent,EL_TG_024_341.970,341.97,,,,,342.725,755,,Tangent,,,
EL,425,EL24,EL,Curve,EL_CV_024_342.725,342.725,342725.438,342780.438,342902.42,342957.42,342.957,232,10000,Tangent,RH,5,0.01004
EL,426,,,Tangent,EL_TG_025_342.957,342.957,,,,,343.848,891,,Tangent,,,
EL,427,EL25,EL,Curve,EL_CV_025_343.848,343.848,343848.189,343903.189,344571.212,344626.212,344.626,778,1200,Mild Curve,RH,40,-0.00129
EL,428,,,Tangent,EL_TG_026_344.626,344.626,,,,,345.506,880,,Tangent,,,
EL,429,EL26,EL,Curve,EL_CV_026_345.506,345.506,345505.815,345560.815,345910.031,345965.031,345.965,459,2000,Mild Curve,RH,30,0.00436
EL,430,,,Tangent,EL_TG_027_345.965,345.965,,,,,347.925,1960,,Tangent,,,
EL,431,EL27,EL,Curve,EL_CV_027_347.925,347.925,347925.352,347980.352,348133.11,348188.11,348.188,263,-2000,Sharp Curve,LH,20,0
EL,432,,,Tangent,EL_TG_028_348.188,348.188,,,,,350.487,2299,,Tangent,,,
EL,433,EL28,EL,Curve,EL_CV_028_350.487,350.487,350487.29,350542.29,351579.155,351634.155,351.634,1147,2000,Mild Curve,RH,15,0.00385
EL,434,,,Tangent,EL_TG_029_351.634,351.634,,,,,353.74,2106,,Tangent,,,
EL,435,EL29,EL,Curve,EL_CV_029_353.740,353.74,353739.864,353794.864,353987.062,354042.062,354.042,302,-2000,Sharp Curve,LH,15,0
EL,436,,,Tangent,EL_TG_030_354.042,354.042,,,,,360.066,6024,,Tangent,,,
EL,437,EL30,EL,Curve,EL_CV_030_360.066,360.066,360065.608,360120.608,360493.828,360548.828,360.549,483,-10000,Sharp Curve,LH,5,-0.00319
EL,438,,,Tangent,EL_TG_031_360.549,360.549,,,,,362.917,2368,,Tangent,,,
EL,439,EL31,EL,Curve,EL_CV_031_362.917,362.917,362916.719,362971.719,363491.055,363546.055,363.546,629,1500,Mild Curve,RH,10,-0.00472
EL,440,,,Tangent,EL_TG_032_363.546,363.546,,,,,364.063,517,,Tangent,,,
EL,441,EL32,EL,Curve,EL_CV_032_364.063,364.063,364062.975,364117.975,364185.449,364240.449,364.24,177,1000,Sharp Curve,RH,25,-0.00356
EL,442,,,Tangent,EL_TG_033_364.240,364.24,,,,,366.233,1993,,Tangent,,,
EL,443,EL33,EL,Curve,EL_CV_033_366.233,366.233,366232.605,366287.605,366549.545,366604.545,366.605,372,-2000,Sharp Curve,LH,10,-0.00108
EL,444,,,Tangent,EL_TG_034_366.605,366.605,,,,,368.689,2084,,Tangent,,,
EL,445,EL34,EL,Curve,EL_CV_034_368.689,368.689,368689.105,368744.105,369383.97,369438.97,369.439,750,1500,Mild Curve,RH,25,-0.00416
EL,446,,,Tangent,EL_TG_035_369.439,369.439,,,,,369.781,342,,Tangent,,,
EL,447,EL35,EL,Curve,EL_CV_035_369.781,369.781,369781.458,369836.458,370855.892,370910.89,370.911,1130,-1500,Sharp Curve,LH,20,-0.00379
EL,448,,,Tangent,EL_TG_036_370.911,370.911,,,,,374.339,3428,,Tangent,,,
EL,449,EL36,EL,Curve,EL_CV_036_374.339,374.339,374339.179,374394.179,374910.93,374965.93,374.966,627,-1050,Sharp Curve,LH,10,0.001
EL,450,,,Tangent,EL_TG_037_374.966,374.966,,,,,375.822,856,,Tangent,,,
EL,451,EL37,EL,Curve,EL_CV_037_375.822,375.822,375822.409,375877.409,376022.629,376077.629,376.078,256,3000,Mild Curve,RH,5,0.001
EL,452,,,Tangent,EL_TG_038_376.078,376.078,,,,,377.114,1036,,Tangent,,,
EL,453,EL38,EL,Curve,EL_CV_038_377.114,377.114,377113.665,377168.665,377904.164,377959.164,377.959,845,1000,Sharp Curve,RH,15,-0.00457
EL,454,,,Tangent,EL_TG_039_377.959,377.959,,,,,378.64,681,,Tangent,,,
EL,455,EL39,EL,Curve,EL_CV_039_378.640,378.64,378640.058,378695.058,379447.88,379502.88,379.503,863,-2000,Sharp Curve,LH,10,-0.00498
EL,456,,,Tangent,EL_TG_040_379.503,379.503,,,,,381.069,1566,,Tangent,,,
EL,457,EL40,EL,Curve,EL_CV_040_381.069,381.069,381068.573,381123.573,381366.598,381421.598,381.422,353,3750,Tangent,RH,10,-0.00256
EL,458,,,Tangent,EL_TG_041_381.422,381.422,,,,,382.8,1378,,Tangent,,,
EL,459,EL41,EL,Curve,EL_CV_041_382.800,382.8,382799.589,382854.589,383214.112,383269.112,383.269,469,-2000,Sharp Curve,LH,30,-0.00515
EL,460,,,Tangent,EL_TG_042_383.269,383.269,,,,,385.486,2217,,Tangent,,,
EL,461,EL42,EL,Curve,EL_CV_042_385.486,385.486,385485.994,385540.994,385606.187,385661.187,385.661,175,10000,Tangent,RH,5,0
EL,462,,,Tangent,EL_TG_0043_385.661,385.661,,,,,386.682,1021,,Tangent,,,
EL,463,EL43,EL,Curve,EL_CV_043_386.682,386.682,386682.046,386737.046,387065.154,387120.154,387.12,438,2000,Mild Curve,RH,25,0.00629
EL,464,,,Tangent,EL_TG_0044_387.12,387.12,,,,,388.05,930,,Tangent,,,
EL,465,EL44,EL,Curve,EL_CV_044_388.05,388.05,388049.935,388104.935,388172.415,388227.415,388.227,177,-2000,Sharp Curve,LH,25,-0.00161
EL,466,,,Tangent,EL_TG_0045_388.227,388.227,,,,,389.003,776,,Tangent,,,
EL,467,EL45,EL,Curve,EL_CV_045_389.003,389.003,389003.353,389058.353,389795.169,389850.169,389.85,847,-2000,Sharp Curve,LH,25,0.002
EL,468,,,Tangent,EL_TG_0046_389.85,389.85,,,,,393.278,3428,,Tangent,,,
EL,469,EL46,EL,Curve,EL_CV_046_393.278,393.278,393277.97,393332.97,393622.729,393677.729,393.678,400,-1000,Sharp Curve,LH,35,-0.0048
EL,470,,,Tangent,EL_TG_047_393.678,393.678,,,,,393.915,237,,Tangent,,,
EL,471,EL47,EL,Curve,EL_CV_047_393.915,393.915,393914.734,393969.734,394124.021,394179.021,394.179,264,1000,Sharp Curve,RH,35,-0.0048
EL,472,,,Tangent,EL_TG_048_394.179,394.179,,,,,395.838,1659,,Tangent,,,
EL,473,EL48,EL,Curve,EL_CV_048_395.838,395.838,395838.406,395893.406,396060.955,396115.955,396.116,278,2000,Mild Curve,RH,15,-0.00161
EL,474,,,Tangent,EL_TG_049_396.116,396.116,,,,,397.522,1406,,Tangent,,,
EL,475,EL49,EL,Curve,EL_CV_049_397.522,397.522,397521.784,397576.784,397816.836,397871.836,397.872,350,2000,Mild Curve,RH,10,-0.00473
EL,476,,,Tangent,EL_TG_050_397.872,397.872,,,,,398.423,551,,Tangent,,,
EL,477,EL50,EL,Curve,EL_CV_050_398.423,398.423,398422.938,398477.938,399029.898,399084.898,399.085,662,2000,Mild Curve,RH,5,0.00262
EL,478,,,Tangent,EL_TG_051_399.085,399.085,,,,,399.827,742,,Tangent,,,
EL,479,EL51,EL,Curve,EL_CV_051_399.827,399.827,399826.909,399881.909,400523.008,400578.008,400.578,751,-2000,Sharp Curve,LH,10,0.00262
EL,480,,,Tangent,EL_TG_052_400.578,400.578,,,,,401.744,1166,,Tangent,,,
EL,481,EL52,EL,Curve,EL_CV_052_401.744,401.744,401743.721,401798.721,402162.802,402217.802,402.218,474,-2000,Sharp Curve,LH,10,-0.00515
EL,482,,,Tangent,EL_TG_053_402.218,402.218,,,,,402.981,763,,Tangent,,,
EL,483,EL53,EL,Curve,EL_CV_053_402.981,402.981,402981.285,403036.285,403401.166,403456.166,403.456,475,2000,Mild Curve,RH,10,0.00076
EL,484,,,Tangent,EL_TG_054_403.456,403.456,,,,,404.136,680,,Tangent,,,
EL,485,EL54,EL,Curve,EL_CV_054_404.136,404.136,404136.114,404191.114,404609.275,404664.275,404.664,528,2000,Mild Curve,RH,15,-0.00515
EL,486,,,Tangent,EL_TG_055_404.664,404.664,,,,,405.017,353,,Tangent,,,
EL,487,EL55,EL,Curve,EL_CV_055_405.017,405.017,405016.931,405071.931,405595.844,405650.844,405.651,634,-2000,Sharp Curve,LH,15,-0.00515
EL,488,,,Tangent,EL_TG_056_405.651,405.651,,,,,406,349,,Tangent,,,
EL,489,EL56,EL,Curve,EL_CV_056_406.000,406,405999.582,406054.582,406210.513,406265.513,406.266,266,1150,Mild Curve,RH,35,-0.00489
EL,490,,,Tangent,EL_TG_057_406.266,406.266,,,,,406.477,211,,Tangent,,,
EL,491,EL57,EL,Curve,EL_CV_057_406.477,406.477,406477.37,406532.37,406825.965,406880.965,406.881,404,-1150,Sharp Curve,LH,35,-0.00489
EL,492,,,Tangent,EL_TG_058_406.881,406.881,,,,,407.106,225,,Tangent,,,
EL,493,EL58,EL,Curve,EL_CV_058_407.106,407.106,407106.408,407161.408,407582.785,407637.785,407.638,532,1200,Mild Curve,RH,30,-0.00489
EL,494,,,Tangent,EL_TG_059_407.638,407.638,,,,,407.946,308,,Tangent,,,
EL,495,EL59,EL,Curve,EL_CV_059_407.946,407.946,407945.74,408000.74,408612.633,408667.633,408.668,722,2000,Mild Curve,RH,15,0.00038
EL,496,,,Tangent,EL_TG_060_408.668,408.668,,,,,410.241,1573,,Tangent,,,
EL,497,EL60,EL,Curve,EL_CV_060_410.241,410.241,410241.251,410296.251,410964.315,411019.315,411.019,778,2000,Mild Curve,RH,15,0.00234
EL,498,,,Tangent,EL_TG_061_411.019,411.019,,,,,412.411,1392,,Tangent,,,
EL,499,EL61,EL,Curve,EL_CV_061_412.411,412.411,412411.199,412466.199,412806.16,412861.16,412.861,450,-2000,Sharp Curve,LH,20,-0.00515
EL,500,,,Tangent,EL_TG_062_412.861,412.861,,,,,414.141,1280,,Tangent,,,
EL,501,EL62,EL,Curve,EL_CV_062_414.141,414.141,414141.336,414196.336,415045.327,415100.327,415.1,959,-1000,Sharp Curve,LH,40,0.00157
EL,502,,,Tangent,EL_TG_063_415.100,415.1,,,,,415.303,203,,Tangent,,,
EL,503,EL63,EL,Curve,EL_CV_063_415.303,415.303,415302.535,415357.535,415721.331,415776.331,415.776,473,1000,Sharp Curve,RH,40,-0.0048
EL,504,,,Tangent,EL_TG_064_415.776,415.776,,,,,417.066,1290,,Tangent,,,
EL,505,EL64,EL,Curve,EL_CV_064_417.066,417.066,417065.807,417120.807,417372.951,417427.951,417.428,362,-2000,Sharp Curve,LH,35,-0.00515
EL,506,,,Tangent,EL_TG_065_417.428,417.428,,,,,417.861,433,,Tangent,,,
EL,507,EL65,EL,Curve,EL_CV_065_417.861,417.861,417860.851,417915.851,418513.818,418568.818,418.569,708,-1000,Sharp Curve,LH,40,-0.00156
EL,508,,,Tangent,EL_TG_066_418.569,418.569,,,,,418.983,414,,Tangent,,,
EL,509,EL66,EL,Curve,EL_CV_066_418.983,418.983,418983.296,419038.296,419711.071,419766.071,419.766,783,1000,Sharp Curve,RH,40,0
EL,510,,,Tangent,EL_TG_067_419.766,419.766,,,,,420.18,414,,Tangent,,,
EL,511,EL67,EL,Curve,EL_CV_067_420.180,420.18,420179.753,420234.753,420809.59,420864.59,420.865,685,1000,Sharp Curve,RH,40,0
EL,512,,,Tangent,EL_TG_068_420.865,420.865,,,,,421.101,236,,Tangent,,,
EL,513,EL68,EL,Curve,EL_CV_068_421.101,421.101,421101.345,421156.345,421393.385,421448.385,421.448,347,-1000,Sharp Curve,LH,40,0.00303
EL,514,,,Tangent,EL_TG_069_421.448,421.448,,,,,421.681,233,,Tangent,,,
EL,515,EL69,EL,Curve,EL_CV_069_421.681,421.681,421681.271,421736.271,421860.6,421915.6,421.916,235,1000,Sharp Curve,RH,30,0.01048
EL,516,,,Tangent,EL_TG_070_421.916,421.916,,,,,422.138,222,,Tangent,,,
EL,517,EL70,EL,Curve,EL_CV_070_422.138,422.138,422138.421,422193.421,422659.378,422714.378,422.714,576,-1000,Sharp Curve,LH,25,0.01048
EL,518,,,Tangent,EL_TG_071_422.714,422.714,,,,,422.93,216,,Tangent,,,
EL,519,EL71,EL,Curve,EL_CV_071_422.930,422.93,422930.432,422985.432,423263.019,423318.019,423.318,388,1000,Sharp Curve,RH,20,0
EL,520,,,Tangent,EL_TG_072_423.318,423.318,,,,,423.593,275,,Tangent,,,
EL,521,EL72,EL,Curve,EL_CV_072_423.593,423.593,423593.036,423648.036,423877.695,423932.695,423.933,340,-1000,Sharp Curve,LH,20,0
EL,522,,,Tangent,EL_TG_073_423.933,423.933,,,,,424.122,189,,Tangent,,,
EL,523,EL73,EL,Curve,EL_CV_073_424.122,424.122,424121.887,424141.887,424171.875,424191.875,424.192,70,-1000,Sharp Curve,LH,5,0
EL,524,,,Tangent,EL_TG_074_424.192,424.192,,,,,424.663,471,,Tangent,,,
EL,525,EL74,EL,Curve,EL_CV_074_424.663,424.663,424663.119,424683.119,425287.862,425307.862,425.308,645,600,Sharp Curve,RH,5,0
EL,526,,,Tangent,EL_TG_075_425.308,425.308,,,,,426.575,1267,,Tangent,,,
EL,527,EL75,EL,Curve,EL_CV_075_426.575,426.575,426574.714,426594.714,427082.342,427102.342,427.102,527,-600,Sharp Curve,LH,5,0
EL,528,,,Tangent,EL_TG_076_427.102,427.102,,,,,427.132,30,,Tangent,,,
EL,529,EL76,EL,Curve,EL_CV_076_427.132,427.132,427132.459,427152.459,428340,428360,428.36,1228,-600,Sharp Curve,LH,5,0
EL,530,,,Tangent,EL_TG_077_428.360,428.36,,,,,428.566,206,,Tangent,,,
EL,531,EL77,EL,Curve,EL_CV_077_428.566,428.566,428566.01,428586.01,429890.788,429910.788,429.911,1345,-1000,Sharp Curve,LH,0,
EL,532,,,Tangent,EL_TG_078_429.911,429.911,,,,,432.91,2999,,Tangent,,,